Message,Action
no i’m selling insider access,0
WALMART CANADA INSIDER 2033 vouch Insiders are people working in the store itself and processing refunds from the inside. 100% Succesrate Walmart info,0
A UNIQUE SERVICE IN TOWN  DHL.DE INSIDER SCANSRTS - 55€UTD - 55€FTIDNA - 55€FTIDv3 - 45€Order - @texaslabels,0
MoneyWave Amazon MentorshipWhat do we offer? Why Amazon is the best store to refund? Up to date methods for all Amazon domains You can order from anywhere in the world Methods to make multiple accounts to make an infinite number of orders AVS guide to prevent order cancellations OFM guide to prevent OFM refund cancellations Full up-to-date refund policy from insiderCurrently one spot for sale at 800$@moneywavesupport,1
Discover bank inny . If you trynna work tap in,0
INNY AVAILABLE FOR SWAP6slots AVAILABLEPROMO DAY TODAY&#x27;S SWAP 600USD not 700USD,0
TD INSIDER APPROVING WIRES100% LANDINGCOME TO ME WITH YOUR DROPSTD PREFERRED BUT CAN DO ALL OTHERS@FlamezV2,0
UPS TRIPLE LITINSIDER SCANPASSES INVESTIGATIONSTRIGGERS AS PICKUP SCAN FOR ROS SYSTEMSDOUBLE/TRIPLE/QUAD/MULTI SCAN OPTIONS24/7 SCANMESSAGE FOR PRICING @CapScans,0
niggas who knew to telly gon get jugged unless they watchin yalls warnings and actually pay atttention,0
Does amazon insider work on fresh accs? I need one,1
Who got Chevy Inny,1
For those asking if the matches are available in their bookmarks kindly note that I have access to football information from the lower leagues in England Italy Turkey and Belarus. Sometimes the information is also received from the Baltic countries and a couple of times from other Eastern European leagues.,0
I have Carrier inny pm,0
Maybe Sony got one of their insider people from inside Microsoft to give them the info on them buying Blizzard a few months ago,0
everyone dm @CLZZ_Z for 10% apple insider,0
If u got T-Mobile or att inny hit me go fast,0
SWAPPING T-Mobile And Verizon Targs Inny in till 6:45 GWM!,0
UTSAVA: The truth about so-called &#x27;Insiders&#x27;--Michael Flynn Controversy-Troops deployed!SHARE this far and wideJoin UsSergeantNewsNetwork,0
farfetch insider ready hmu,0
If U or anyone Yk have T-Mobile inny text me. I have daily bread for you,1
TD INNY ON DECKCashing out all Logs and persys same day cash out @gwuapfs,0
I'M ACTIVE AND TAKING ALL ORDERSBring Me All These Banks :Navy/USAA Chase (Inny)Biz/Reg Boa Biz/Reg Regions (Inny)Biz/Reg CitiBiz/Reg PNCBiz/Reg BMO Langley CUDoing $10-250k+ On All Of These According To Age & Bank You Bound To Walk Out With A Bag. Plays With Inny Pay Out Less % But Come Out To A Larger Bag Than Other Banks Come FWM And Let's Eat,0
If you wanna join dm just posted possibly the best reselling store instant refunds via insider access,0
o really one of them and best grub on telly‍,0
ANYONE PLANNING ON ORDERING WALMART DEADDD FOR NOW. THOSE WITH ORDERS ALREADY DELIVERED MESSAGE ME AS YOU WILL HAVE TO RETURN INSIDER CONFIRMED DEAD WILL GIVE HIM A FEW DAYS FOR AN UPDATE. WORST COMES TO WORST WALMART HAS A 30 DAY REFUND POLICY DO NOT WORRY,1
Walmart.com Insider INSTANT refunds. Walmart Insider Details/Limits: https://t.me/keysrefunding/164,0
I Got TD Inny If You Tryna Collab PM Me,0
IF YOU GOT DROPS YOU NEED WIPED I GOT WELLS FARGO BANK TELLER CLEANING UP POP ONS PM @LORDSWAP,0
Who has a TD inny will make $$$$ hit me up,1
Got a few chases send the glass thru let’s collab i soon do Uppy inny just been away HMU @BRUS_3,0
man I need some to get me a telly for months lol,1
T mobile inny ready to swamp broward ‼‼‼‼,0
done working for today send in your Walmart insider orders! (all new submitted orders will be done monday)!,0
T-MOBILE AND AT&amp;T inny hit me,0
NOW - Ukrainians wait for a train at the main railway station in #Lviv western Ukraine to escape to Poland.Join and Share  @insider_amigo,0
Who can do swap off percentage tomorrow morning for T-Mobile paying 40% after cashout sending 25k dm if u hav inny ready tomorrow morning,0
We have Samsung insider,0
Also vzn unlinked 50k+ common pass (in some hours inny up)For vouches dm @apetited,0
Got Att inny and pnc inny serious hustlers with real motion pm,0
Got new Verizon inny let’s work,0
Phone insider? @Bugsygel,1
@Starfunder you guys got balenciaga insider?,1
There isn’t an insider for Walmart US as of now though you can make use of a reshipping service such as Shippn to order to US with Walmart.ca :),0
T-Mobile INNY UPDM @Ziyafami123back,0
T-mobile inny available @Centvin10,0
Roblox inny contact for sale dm me,0
I got a key bank inny twin fasho,0
My frnd has insider he can make a whole bank with creditcard but cost,0
Look I’m new to this but I dedicate myself to everything I do…got plenty pieces to work with for drop navy credit unions etc…face card good and name solid to so let’s work plenty heads !! Know what you doing and no this not my Telly lol oh one thing for sure if you gonna use me make sure it come with some sauce along the way,0
Got inny lmao,0
I needa get an inny in my country,1
